provider_name,agreement_name,service_name,step_name,sender_name,requests,message_parts
"ComTradeITSS","ComTradeITSSBulkOnDemand","BULKKOMBANKNoDL","1NonSmsCRDrB","NLBKB","3856204","4159794"
"ComTradeITSS","ComTradeITSSBulkOnDemand","BULK_OTPBankaSpecCh","Pure_MT","OTP_Info","3685514","3896774"
"ComTradeITSS","ComTradeITSSBulkOnDemand","EuronetAIK","1NonSmsCRDrB","AikBanka","1665123","1716941"
"ComTradeITSS","ComTradeITSSBulkOnDemand","BULKPOSTEDNoDL","Isporuka","posted","1313733","1534313"
"Akton_Bulk","BulkOnDemand","SrnAssecoBO","pureMT","EuroDirekt","1481658","1504759"
"NTHMedia","NthBulkOnDemand","N_1599UniCredit","PureMT","Unicredit","1445852","1445854"
"ComTradeITSS","ComTradeITSSBulkOnDemand","BULKBancaIntesaNoDL","1NonSmsCRDrB","BancaIntesa","1103183","1401688"
"NTHMedia","NthBulkOnDemand","N_1599POSTED","PureMT","POSTED","1365977","1365977"
"ComTradeITSS","ComTradeITSSBulkOnDemand","BULKRaiffeisen","1NonSmsCRDrB","Raiffeisen","1129245","1277679"
"Infobip","InfobipBulkOnDemand","Banking_Infobip","1NonSmsCRDrB","ErsteBank","532805","589990"
"Infobip","InfobipBulkOnDemand","Banking_Infobip","1NonSmsCRDrB","ADDIKO","531958","539139"
"Infobip","InfobipBulkOnDemand","Banking_Infobip","1NonSmsCRDrB","Unicredit","395902","413032"
"mtsBanka","mtsBankaPureMT","mtsBankaPureMT","PureMT","posted","241175","383501"
"Akton_Bulk","BulkSubscriptionStarion","SrnPlaneta1","Delivery","Planeta","380676","381762"
"ComTradeITSS","ComTradeITSSBulkOnDemand","BULKMobiBankaNoDL","Isporuka","Yettel.Bank","331596","354559"
"NTHMedia","NTHBulkFull","S1599DrMax_NTHSpecChar","PureMT","Dr.Max","256817","256817"
"CePP","CeppBulkOnDemand","CeppBulkBanke","BulkBanke","POSTA","230065","255504"
"NTHMedia","NTHBulkFull","S1599NIS_SNNPNTHSp","PureMT","NIS.SNNP","84016","240837"
"Akton_Bulk","BulkOnDemand","SrnAssecoBO","pureMT","Alta_Banka","156430","162153"
"Akton_Bulk","BulkOnDemand","SrnAssecoBO","pureMT","HALKBANK","136832","136852"
"NTHMedia","NthBulkOnDemand","N1599_OTP_info","Isporuka","OTP_info","133740","133740"
"Akton_Bulk","BulkOnDemand","SrnAlgBO","PureMT","SBB","72945","130189"
"ComTradeITSS","ComTradeITSSBulkOnDemand","BULKProCreditNoDL","1NonSmsCRDrB","ProCredit","111358","127030"
"Infobip","InfobipBulkSubscription","BANCAINTESA","MtSms","BANCAINTESA","52096","120270"
"NTHMedia","NTHBulkFull","S1599Dormeohome_Ch","PureMT","Dormeo_home","102769","111549"
"ComTradeITSS","ComTradeITSSBulkOnDemand","BULKHALKBANKNoDL","Isporuka","HALKBANK","110464","110464"
"NTHMedia","NTHBulkFull","S1599Prime360","PureMT","Prime360","100768","101179"
"Halcom","HalcomBulkOnDemand","ALMSGGWNoDL","PureMT","ErsteBanka","96627","96627"
"Infobip","InfobipBulkOnDemand","Banking_Infobip","1NonSmsCRDrB","Yettel.Bank","47519","93873"
"NTHMedia","NTHBulkFull","S1599IQOSSrb","PureMT","IQOSSrbija","54377","91344"
"Infobip","InfobipBulkOnDemand","Banking_Infobip","1NonSmsCRDrB","UniCreditRS","54618","84500"
"TelekomSrbija","TelekomSrbijaBulkOnDemand","TarifniDodaciMT","1NonSms","mts","76641","79177"
"Akton_Bulk","BulkSubscriptionStarion","MERIDIAN","Delivery","MERIDIAN","79164","79164"
"Akton_Bulk","BulkSubscriptionStarion","SrnMozzart","Delivery","Mozzart","72842","72842"
"ComTradeITSS","ComTradeITSSBulkOnDemand","MT_SpecialCharSender","Pure_MT","OTP_Promo","29736","69223"
"ComTradeITSS","ComTradeITSSBulkSubsciption","Bulk5005DR2","Delivery","LCWAIKIKI","27236","68200"
"ComTradeITSS","ComTradeITSSBulkSubsciption","Bulk5005DR","Delivery","GENERALI","59409","65570"
"Akton_Bulk","BulkSubsciption","SrnFormaIdeale_notif","Delivery","FormaIdeale","18982","56946"
"Akton_Bulk","BulkSubscriptionStarion","SrnLilly","Delivery","Lilly","37340","56216"
"Halcom","HalcomBulkOnDemand","ALMSGGWNoDL","PureMT","NLB_BizKlik","56171","56173"
"NTHMedia","NthBulkOnDemand","N1599sportbonus","MT","sportbonus","55982","56008"
"Halcom","HalcomBulkOnDemand","ALMSGGWNoDL","PureMT","1335","50000","50000"
"CePP","CePPBulkSubsciption","CePPSmsBulkDr","Delivery","SANIOPTIK","47755","47755"
"ComTradeITSS","ComTradeITSSBulkOnDemand","BULKNoDL","Pure_MT","SportBonus","47363","47369"
"Infobip","InfobipBulkOnDemand","Banking_Infobip","1NonSmsCRDrB","TehPregled","30482","42793"
"Akton_Bulk","BulkOnDemand","SRNBULKZAODJAVU","PURE_MT","ORION","41911","41911"
"TelekomSrbija","TelekomSrbijaBulkOnDemand","OLMsendSms","1NonSmsFoC","2020","39268","39268"
"Akton_Bulk","BulkOnDemand","SRNBULKZAODJAVU","PURE_MT","Cityexpress","38272","38577"
"Infobip","InfobipBulkSubscription","BenuPlus","MtSms","BenuPlus","38576","38576"
"Infobip","InfobipBulkOnDemand","Banking_Infobip","1NonSmsCRDrB","BEXEXPRESS","31828","37310"
"Infobip","InfobipBulkSubscription","KING","MtSms","KING","34325","37051"
"Infobip","Infobip_OTT_SocNet","OTT_SocNet_Infobip","Isporuka","CCC Klub","37034","37034"
"NTHMedia","NTHBulkFull","S1599Promo_info","PureMT","Promo_info","32203","36038"
"Akton_Bulk","BulkOnDemand","SRNBULKZAODJAVU","PURE_MT","Dexpress","35527","35531"
"Infobip","InfobipBulkSubscription","MaxBet","MtSms","MaxBet","28778","33796"
"Infobip","InfobipBulkOnDemand","Banking_Infobip","1NonSmsCRDrB","Euro-Direkt","32885","32885"
"Akton_Bulk","BulkSubscriptionStarion","Madamecoco1","Delivery","Madamecoco1","21855","32651"
"Akton_Bulk","BulkOnDemand","SrnAssecoBO","pureMT","ERSTEBANK","27400","32263"
"Akton_Bulk","BulkOnDemand","SRNBULKZAODJAVU","PURE_MT","PanAgent","30624","30865"
"Halcom","HalcomBulkOnDemand","ALMSGGWNoDL","PureMT","OTP_banka","28244","28244"
"Akton_Bulk","BulkSubscriptionStarion","SrnTomTailor","Delivery","Tom_Tailor","27492","27492"
"ComTradeITSS","ComTradeITSSBulkOnDemand","BULK5005NoDL","1NonSmsCRDrB","ArenaCloud","26004","26004"
"Akton_Bulk","BulkSubscriptionStarion","SrnKlett","Delivery","Klett","13800","25493"
"Akton_Bulk","BulkOnDemand","SrnAssecoBO","pureMT","AdriaticbnS","24609","24610"
"Akton_Bulk","BulkOnDemand","SRNBULKZAODJAVU","PURE_MT","CSINERGIJA","24018","24118"
"ComTradeITSS","ComTradeITSSBulkOnDemand","BULKNoDL","Pure_MT","OBUCA_MANIA","23735","23735"
"NTHMedia","NTHBulkFull","S1599budihuman","PureMT","budihuman","11332","23404"
"Akton_Bulk","BulkOnDemand","SRNBULKZAODJAVU","PURE_MT","UniCredit","23020","23388"
"InstitutMihajloPupin","IMPOnDemand","IMPProjectE","MT","SZEN","23063","23093"
"ComTradeITSS","ComTradeITSSBulkOnDemand","BULKNoDL","Pure_MT","Dajte_krv","22888","22984"
"ComTradeITSS","ComTradeITSSBulkOnDemand","BULK5005NoDL","1NonSmsCRDrB","Gls","22668","22668"
"ComTradeITSS","ComTradeITSSBulkOnDemand","BULK_OBSbankaSpecCh","MT_Spec","3Banka","12946","22449"
"Akton_Bulk","BulkSubsciption","SrnNSport","Delivery","NSport","20562","21735"
"ComTradeITSS","ComTradeITSSBulkOnDemand","BULKNoDL","Pure_MT","PerSu","21368","21368"
"Akton_Bulk","BulkOnDemand","SrnAssecoBO","pureMT","mBanking","10635","21088"
"ComTradeITSS","ComTradeITSSBulkOnDemand","BULKNoDL","Pure_MT","AKS","20577","20577"
"ComTradeITSS","ComTradeITSSBulkOnDemand","BULKPORESKANoDL","Isporuka","ePorezi","19414","19490"
"NTHMedia","NthBulkOnDemand","N_1599NTH_Verify","MT","NIS_Verify","18113","18980"
"Akton_Bulk","BulkOnDemand","SRNBULKZAODJAVU","PURE_MT","SnF","18937","18937"
"Akton_Bulk","BulkSubscriptionStarion","Srn_ALIDEDA","Delivery","ALIDEDA","18715","18785"
"NTHMedia","NTHBulkFull","S1599NIS","Isporuka","NIS","6067","18330"
"Infobip","InfobipBulkSubscription","SKartica","Delivery","S.Kartica","9148","18291"
"Akton_Bulk","BulkOnDemand","SRNBULKZAODJAVU","PURE_MT","WSO","11175","18229"
"NTHMedia","NTHBulkFull","S1599BalkanBet","PureMT","BalkanBet","16107","17060"
"ComTradeITSS","ComTradeITSSBulkOnDemand","BULK5005NoDL","1NonSmsCRDrB","OTPOS","5586","16590"
"NTHMedia","NthBulkOnDemand","N_1599EVIDENT_RS_NthSpecK","MT","EVIDENT.RS","15260","16417"
"Akton_Bulk","BulkSubscriptionStarion","SrnAstroSaveti","Delivery","AstroSaveti","16221","16221"
"CePP","CeppBulkOnDemand","CeppBulkBanke","BulkBanke","eUprava","14395","15620"
"NTHMedia","NthBulkOnDemand","N_1599Kliping","MT","Kliping","15162","15162"
"Akton_Bulk","BulkOnDemand","SrnAssecoBO","pureMT","ProCredit","15101","15101"
"Akton_Bulk","BulkSubscriptionStarion","Orozovic","Delivery","Orozovic","9773","14907"
"Infobip","Infobip_OTT_SocNet","OTT_SocNet_Infobip","Isporuka","AirSerbia","14874","14874"
"Akton_Bulk","BulkOnDemand","SRNBULKZAODJAVU","PURE_MT","ASTRA_net","7462","14828"
"CePP","CeppBulkOnDemand","CePP_InfoStanjeSender","Isporuka","PARKING","13746","14457"
"NTHMedia","NTHBulkFull","S1599LCWaikiki_SpCh","PureMT","LC-Waikiki","13717","13796"
"Akton_Bulk","BulkOnDemand","SRNBULKZAODJAVU","PURE_MT","SINSAY","6952","12654"
"NTHMedia","NTHBulkFull","S1599DEICHMANN","PureMT","DEICHMANN","6048","12096"
"CePP","CePPBulkSubsciption","CePPSmsBulkDr","Delivery","2322","8823","11925"
"NTHMedia","NthBulkOnDemand","N1599_ChipCard","Isporuka","ChipCard","11378","11378"
"ComTradeITSS","ComTradeITSSBulkOnDemand","MT_SpecialCharSender","Pure_MT","Beo_Lab","11226","11227"
"Akton_Bulk","BulkOnDemand","SRNBULKZAODJAVU","PURE_MT","Info-Tim","7641","11211"
"ComTradeITSS","ComTradeITSSBulkOnDemand","BULKNoDL","Pure_MT","ODMCINFO","6140","11098"
"ComTradeITSS","ComTradeITSSBulkOnDemand","BULK5005NoDL","1NonSmsCRDrB","Triglav","3843","10843"
"InstitutMihajloPupin","IMPOnDemand","IMPProjectE","MT","""5193""","10763","10763"
"NTHMedia","NTHBulkFull","S1599Lukoil","PureMT","Lukoil","10731","10731"
"Infobip","InfobipBulkOnDemand","Banking_Infobip","1NonSmsCRDrB","BenuInfo","10726","10726"
"mtssi","BulkOnDemand","AdBaloo","PureMT","AdBaloo","10572","10572"
"Fonlider","OneClickSubscriprionBulk","OneClickSMSBulk","Isporuka","TAROT","10390","10390"
"Infobip","InfobipBulkSubscription","LINKSAV","MtSms","Savremena","5553","10183"
"Infobip","InfobipBulkSubscription","AdmiralBet","MtSms","AdmiralBet","10078","10079"
"ComTradeITSS","ComTradeITSSBulkOnDemand","MT_SpecialCharSender","Pure_MT","3Banka.prom","3317","9951"
"Akton_Bulk","BulkOnDemand","SRNBULKZAODJAVU","PURE_MT","RESERVED","4895","9788"
"Akton_Bulk","BulkSubscriptionStarion","Alta_Banka","Delivery","Alta_Banka","2429","9716"
"Infobip","InfobipBulkOnDemand","Banking_Infobip","1NonSmsCRDrB","NIS.SMS.HSE","2361","9553"
"Akton_Bulk","BulkOnDemand","SRNBULKZAODJAVU","PURE_MT","MOJKIOSK","9443","9448"
"Akton_Bulk","BulkSubscriptionStarion","SrnPenzionerPolycom","Isporuka","UdrPenzServ","3101","9303"
"Infobip","InfobipBulkOnDemand","Banking_Infobip","1NonSmsCRDrB","Raiffeisen","7194","8775"
"NTHMedia","NTHBulkFull","S1599Soccerbet","PureMT","Soccerbet","8599","8599"
"ComTradeITSS","ComTradeITSSBulkOnDemand","BULK5005NoDL","1NonSmsCRDrB","SrediMe","8254","8254"
"Akton_Bulk","BulkSubscriptionStarion","SrnNina","Delivery","NINAMEDIA","7061","8150"
"Fonlider","OneClickSubscriprionBulk","OneClickSMSBulk","Isporuka","NUMEROLOG","7669","7669"
"Akton_Bulk","BulkSubscriptionStarion","SrnInfostudStopPol","Delivery","Polovnjaci","4565","7499"
"ComTradeITSS","ComTradeITSSBulkOnDemand","BULK5005NoDL","1NonSmsCRDrB","IKEA.SRB","3138","7452"
"ComTradeITSS","ComTradeITSSBulkOnDemand","MT_SpecialCharSender","Pure_MT","e_intimo","3705","7410"
"Akton_Bulk","BulkSubscriptionStarion","COLLOID","Delivery","COLLOID","7387","7387"
"CePP","CePPBulkSubsciption","CortefielSmsBulk","Isporuka","CORTEFIEL","7268","7268"
"mtssi","BulkOnDemand","PostedMT","PureMT","posted","4835","7247"
"NTHMedia","NTHBulkFull","S1599TrefSpor","PureMT","Tref-Sport","7013","7013"
"ComTradeITSS","ComTradeITSSBulkOnDemand","BULK5005NoDL","1NonSmsCRDrB","DDORinfo","5869","7001"
"ComTradeITSS","ComTradeITSSBulkSubsciption","Bulk5005DR","Delivery","AVON.","5665","6980"
"NTHMedia","NthBulkOnDemand","N1599GOFITNESS","MT","GOFITNESS","6762","6917"
"NTHMedia","NTHBulkFull","S1599AKVojvod","PureMT","AKVojvodine","2303","6904"
"NTHMedia","NTHBulkFull","S1599INTERMED","PureMT","INTERMED","6896","6896"
"Fonlider","OneClickSubscriprionBulk","OneClickSMSBulk","Isporuka","GALENIKA","5666","6891"
"ComTradeITSS","ComTradeITSSBulkOnDemand","BULK5005NoDL","1NonSmsCRDrB","Ovlasceni","6820","6820"
"Akton_Bulk","BulkSubscriptionStarion","SrnPalilula","Delivery","GO_Palilula","3362","6724"
"Akton_Bulk","BulkOnDemand","SRNBULKZAODJAVU","PURE_MT","SPEEDYkurir","3352","6672"
"NTHMedia","NTHBulkFull","S1599Club5","PureMT","Club5","3275","6550"
"Akton_Bulk","BulkSubscriptionStarion","SrnVizim","Delivery","VIZIM","4464","6520"
"Infobip","InfobipBulkSubscription","BETTYClub","MtSms","BETTYClub","6445","6507"
"Akton_Bulk","BulkSubscriptionStarion","SrnBulkSaDr2","Delivery","KLUB_BITEF","6496","6496"
"Infobip","InfobipBulkOnDemand","Banking_Infobip","1NonSmsCRDrB","ODDO","5966","6483"
"NTHMedia","NTHBulkFull","S1599SMSAgent","PureMT","SMSAgent","4567","6429"
"Infobip","InfobipBulkSubscription","Heartcount","MtSms","Heartcount","6317","6353"
"Akton_Bulk","BulkSubscriptionStarion","SrnPolycomBulk","Delivery","PorukaZaVas","5080","6270"
"Akton_Bulk","BulkOnDemand","SRNBULKZAODJAVU","PURE_MT","PlanetaInfo","3656","6207"
"ComTradeITSS","ComTradeITSSBulkOnDemand","BULK5005NoDL","1NonSmsCRDrB","Alert","5917","5994"
"Akton_Bulk","BulkSubscriptionStarion","StarBet","Delivery","StarBet","5915","5915"
"ComTradeITSS","ComTradeITSSBulkOnDemand","MT_SpecialCharSender","Pure_MT","GENERALI.","4802","5847"
"NTHMedia","NTHBulkFull","S1599Djak_Sport_Spe","PureMT","Djak_Sport","5311","5771"
"ComTradeITSS","ComTradeITSSBulkOnDemand","MT_SpecialCharSender","Pure_MT","EKO.Serbia","5746","5746"
"ComTradeITSS","ComTradeITSSBulkOnDemand","BULK5005NoDL","1NonSmsCRDrB","fppd","5733","5733"
"Akton_Bulk","BulkOnDemand","SRNBULKZAODJAVU","PURE_MT","SC-Servis","5709","5709"
"CePP","CeppBulkOnDemand","CeppBulkBanke","BulkBanke","KMSZTS","5634","5634"
"ComTradeITSS","ComTradeITSSBulkOnDemand","BULKPORESKANoDL","Isporuka","Uzmi_Racun","2997","5558"
"Akton_Bulk","BulkSubscriptionStarion","SrnBulkSaDr2","Delivery","AMC","5528","5528"
"Infobip","InfobipBulkOnDemand","Banking_Infobip","1NonSmsCRDrB","RegVozila","4113","5412"
"Akton_Bulk","BulkSubscriptionStarion","SrnVasAstrolog","Delivery","VasAstrolog","5375","5375"
"Fonlider","OneClickSubscriprionBulk","OneClickSMSBulk","Isporuka","MKBalasevic","5318","5318"
"ComTradeITSS","ComTradeITSSBulkOnDemand","BULKNoDL","Pure_MT","ApSrbotrade","3621","5240"
"ComTradeITSS","ComTradeITSSBulkOnDemand","BULK5005NoDL","1NonSmsCRDrB","OTPO","2582","5164"
"Akton_Bulk","BulkOnDemand","SRNBULKZAODJAVU","PURE_MT","NAPLATA","2787","5075"
"Infobip","InfobipBulkSubscription","AutoRAD","MtSms","AutoRAD","2700","5045"
"Infobip","InfobipBulkSubscription","LINKIS","MtSms","IntSchool","4659","5027"
"NTHMedia","NTHBulkFull","NthSpecialCharSender","PureMT","API_Bank","5006","5006"
"NTHMedia","NTHBulkFull","S1599EQUILIBRIO_NS","PureMT","EQUILIBRIO_","3427","4996"
"Akton_Bulk","BulkOnDemand","SrnAssecoBO","pureMT","AIKBanka","4872","4878"
"Infobip","InfobipBulkSubscription","ADDIKO","Delivery","ADDIKOINFO","1611","4876"
"Akton_Bulk","BulkSubscriptionStarion","MANAmoda","Delivery","MANAmoda","4858","4858"
"Akton_Bulk","BulkSubscriptionStarion","ELBRACO","Delivery","ELBRACO","4753","4753"
"Akton_Bulk","BulkSubscriptionStarion","NasaKartica","Delivery","Nasa_app","4710","4710"
"NTHMedia","NTHBulkFull","S1599_NIT_RS_NTHSp","PureMT","NIT.RS","2337","4674"
"NTHMedia","NthBulkOnDemand","N_1599Univer_SMS_NthSpecK","MT","Univer_SMS","1409","4652"
"ComTradeITSS","ComTradeITSSBulkSubsciption","Bulk5005DR","Delivery","GrandCasino","2609","4583"
"NTHMedia","NTHBulkFull","S1599BENU","PureMT","BENU","2266","4532"
"NTHMedia","NTHBulkFull","S1599BalkanFun","PureMT","BalkanFun","2242","4484"
"NTHMedia","NthBulkOnDemand","N_1599BEKO","MT","BEKO","3329","4452"
"NTHMedia","NthBulkOnDemand","N1599SuperVero","MT","SuperVero","4412","4412"
"Infobip","InfobipBulkSubscription","BrazilBet","MtSms","BrazilBet","2391","4401"
"ComTradeITSS","ComTradeITSSBulkOnDemand","BULK5005NoDL","1NonSmsCRDrB","CocaCola","2161","4321"
"Akton_Bulk","BulkOnDemand","SRNBULKZAODJAVU","PURE_MT","Mozzart","4290","4290"
"NTHMedia","NthBulkOnDemand","N_1599Tehnomedia","MT","Tehnomedia","1512","4254"
"Infobip","InfobipBulkOnDemand","Banking_Infobip","1NonSmsCRDrB","eDostava","2104","4226"
"NTHMedia","NTHBulkFull","S1599Superbet","PureMT","Superbet","4201","4201"
"Akton_Bulk","BulkSubscriptionStarion","SrnSudbina","Delivery","Sudbina","4087","4087"
"CePP","CeppBulkOnDemand","CeppBulkBanke","BulkBanke","Srpbank","3718","3718"
"ComTradeITSS","ComTradeITSSBulkOnDemand","BULK5005NoDL","1NonSmsCRDrB","BeotelNET","3705","3705"
"NTHMedia","NTHBulkFull","S1599DDG_Fashion","PureMT","DDG.Fashion","3642","3670"
"ComTradeITSS","ComTradeITSSBulkOnDemand","BULKNoDL","Pure_MT","TSINFO","3644","3644"
"Akton_Bulk","BulkOnDemand","SRNBULKZAODJAVU","PURE_MT","SavaOsig","2281","3639"
"Infobip","InfobipBulkOnDemand","Banking_Infobip","1NonSmsCRDrB","ClickJTI","3094","3608"
"ComTradeITSS","ComTradeITSSBulkOnDemand","BULKNoDL","Pure_MT","teamFIT","3554","3554"
"NTHMedia","NTHBulkFull","S1599Tehnomanija","PureMT","Tehnomanija","2083","3528"
"Akton_Bulk","BulkOnDemand","SRNBULKZAODJAVU","PURE_MT","BauLink","2370","3515"
"Akton_Bulk","BulkSubscriptionStarion","SrnTatjana","Delivery","Tatjana","1169","3507"
"ComTradeITSS","ComTradeITSSBulkOnDemand","BULK5005NoDL","1NonSmsCRDrB","AIKBanka","1507","3484"
"NTHMedia","NTHBulkFull","S1599Gigatron","PureMT","Gigatron","3336","3453"
"NTHMedia","NthBulkOnDemand","N_1599AuBrs","MT","AuB.rs","2555","3453"
"ComTradeITSS","ComTradeITSSBulkOnDemand","BULKNoDL","Pure_MT","Oktagonbet","3373","3373"
"Akton_Bulk","BulkSubscriptionStarion","SrnBulkSaDr","Delivery","MrBeansport","3372","3372"
"Akton_Bulk","BulkSubscriptionStarion","SrnPalilula","Delivery","CKVD","1676","3352"
"ComTradeITSS","ComTradeITSSBulkOnDemand","MT_SpecialCharSender","Pure_MT","1xbet.rs","2975","3331"
"NTHMedia","NTHBulkFull","S1599Gravier","PureMT","Gravier","3290","3290"
"Akton_Bulk","BulkSubscriptionStarion","Lisca","Delivery","Lisca","3276","3276"
"ComTradeITSS","ComTradeITSSBulkOnDemand","MT_SpecialCharSender","Pure_MT","Digital.SRB","1631","3261"
"NTHMedia","NthBulkOnDemand","N_1599AHILEJGYM_NTHSpecChar","MT","AHILEJ-GYM","3124","3124"
"ComTradeITSS","ComTradeITSSBulkSubsciption","Bulk5005DR","Delivery","EKO_Serbia","3091","3091"
"ComTradeITSS","ComTradeITSSBulkOnDemand","BULK5005NoDL","1NonSmsCRDrB","Consilium","1014","3042"
"Infobip","InfobipBulkSubscription","LINKITS","MtSms","ITSITHS","2934","3034"
"Akton_Bulk","BulkSubscriptionStarion","SrnLACOSTE","Delivery","LACOSTE","3020","3020"
"ComTradeITSS","ComTradeITSSBulkOnDemand","BULK5005NoDL","1NonSmsCRDrB","SavaZivotno","1251","2999"
"Akton_Bulk","BulkSubscriptionStarion","SrnBulkSaDr","Delivery","OxySistemi","2511","2937"
"NTHMedia","NthBulkOnDemand","N_1599NS_Toplana_NS","MT","NS_Toplana","2560","2921"
"Akton_Bulk","BulkSubscriptionStarion","SrnADIDAS","Delivery","ADIDAS","2916","2916"
"Infobip","InfobipBulkSubscription","TaxiServis","Delivery","E-KNJIZICA","2825","2829"
"Akton_Bulk","BulkSubscriptionStarion","SrnAstroSavet","Delivery","AstroSavet","2793","2793"
"ComTradeITSS","ComTradeITSSBulkSubsciption","Bulk5005DR","Delivery","AVON","2776","2776"
"NTHMedia","NthBulkOnDemand","N_1599KvantumPlus","MT","KvantumPlus","2687","2688"
"NTHMedia","NthBulkOnDemand","oliveboxrsNthSpecK","MT","olivebox.rs","2633","2633"
"NTHMedia","NTHBulkFull","S1599OKTAGON","PureMT","OKTAGON","2570","2610"
"NTHMedia","NTHBulkFull","S1599Centifolia","PureMT","Centifolia","2599","2599"
"ComTradeITSS","ComTradeITSSBulkOnDemand","BULK5005NoDL","1NonSmsCRDrB","Universal","1868","2527"
"ComTradeITSS","ComTradeITSSBulkOnDemand","BULK5005NoDL","1NonSmsCRDrB","STCABLE","2521","2521"
"ComTradeITSS","ComTradeITSSBulkOnDemand","BULK5005NoDL","1NonSmsCRDrB","ontopo","2496","2500"
"Akton_Bulk","BulkSubscriptionStarion","SrnBgFilharmonija","Delivery","BGF_Info","2447","2447"
"NTHMedia","NthBulkOnDemand","N_1599TableStar","MT","TableStar","1392","2372"
"NTHMedia","NthBulkOnDemand","NIS_UPS_MAX_NthSpK","MT","NIS.UPS.MAX","978","2357"
"NTHMedia","NTHBulkFull","S1599TRGOCENTAR","PureMT","TRGOCENTAR","943","2313"
"Akton_Bulk","BulkOnDemand","SrnAlgBO","PureMT","StanNaDan","1513","2312"
"Akton_Bulk","BulkOnDemand","SRNBULKZAODJAVU","PURE_MT","SMSakt","1153","2311"
"Infobip","InfobipBulkOnDemand","Banking_Infobip","1NonSmsCRDrB","ATOS BANK","2303","2303"
"Infobip","InfobipBulkSubscription","ORIFLAME","MtSms","ORIFLAME","1744","2282"
"ComTradeITSS","ComTradeITSSBulkOnDemand","BULKNoDL","Pure_MT","Everybody","2279","2279"
"NTHMedia","NTHBulkFull","S1599OSRB","PureMT","OSRB","1018","2268"
"Akton_Bulk","BulkSubscriptionStarion","SrnAstro","Delivery","Astro","2241","2241"
"Akton_Bulk","BulkSubscriptionStarion","SrnBulkSaDr2","Delivery","ButikDeNiro","2230","2230"
"ComTradeITSS","ComTradeITSSBulkOnDemand","MT_SpecialCharSender","Pure_MT","FLY_LONDON","2228","2228"
"Fonlider","OneClickPureMTbulk","OneClickSMSBulk1","PureMT","Moravacem","2103","2217"
"NTHMedia","NthBulkOnDemand","N1599tenfore","MT","tenfore","2203","2203"
"Akton_Bulk","BulkOnDemand","SRNBULKZAODJAVU","PURE_MT","HONOR","2146","2168"
"Akton_Bulk","BulkOnDemand","SRNBULKZAODJAVU","PURE_MT","AktonSMS","2158","2158"
"Infobip","InfobipBulkSubscription","TaxiServis","Delivery","PomocNaPutu","864","2146"
"Infobip","InfobipBulkOnDemand","Banking_Infobip","1NonSmsCRDrB","AdmiralCode","1981","2125"
"ComTradeITSS","ComTradeITSSBulkOnDemand","BULK5005NoDL","1NonSmsCRDrB","SavaOs","2093","2093"
"Infobip","InfobipBulkOnDemand","Banking_Infobip","1NonSmsCRDrB","EAGLEHILLS","1036","2083"
"ComTradeITSS","ComTradeITSSBulkOnDemand","BULK5005NoDL","1NonSmsCRDrB","DDTICKETS","513","2071"
"NTHMedia","NTHBulkFull","S1599Attipas","PureMT","Attipas","2059","2059"
"Akton_Bulk","BulkOnDemand","SrnAlgBO","PureMT","SBB_OTP","2048","2048"
"NTHMedia","NthBulkOnDemand","N_1599ePP","MT","ePP","1973","1973"
"Akton_Bulk","BulkSubscriptionStarion","EuroDirektBulk","Delivery","EuroDirekt","767","1958"
"Infobip","InfobipBulkSubscription","UniquaBulk","Delivery","UNIQA","869","1954"
"NTHMedia","NthBulkOnDemand","N1599_BMW_Srbija","MT","BMW_Srbija","644","1903"
"NTHMedia","NTHBulkFull","S1599NERETVA","PureMT","NERETVA","1878","1878"
"ComTradeITSS","ComTradeITSSBulkSubsciption","Bulk5005DR2","Delivery","Corteva","526","1857"
"NTHMedia","NTHBulkFull","S1599JOKO","PureMT","JOKO","1847","1847"
"Akton_Bulk","BulkSubscriptionStarion","LadyDI","Delivery","LadyDI","1843","1843"
"NTHMedia","NTHBulkFull","S15991441","PureMT","1441","1814","1814"
"Infobip","InfobipBulkOnDemand","Banking_Infobip","1NonSmsCRDrB","KING.info","1031","1808"
"Infobip","InfobipBulkAnketa","4477_PovejSefudoo_anketa","Anketa","4477","1712","1712"
"Akton_Bulk","BulkOnDemand","SRNBULKZAODJAVU","PURE_MT","udruzenje","1679","1679"
"Akton_Bulk","BulkOnDemand","SRNBULKZAODJAVU","PURE_MT","ParkingInfo","1677","1678"
"ComTradeITSS","ComTradeITSSBulkOnDemand","BULKNoDL","Pure_MT","OZ_Mjob","1671","1671"
"Akton_Bulk","BulkSubscriptionStarion","SrnPo_MobilityDr","Delivery","Po_Mobility","1163","1626"
"Akton_Bulk","BulkSubscriptionStarion","SrnPo_LeasingDr","Delivery","Po_Leasing","712","1581"
"CePP","CeppBulkOnDemand","CePP_InfoStanjeSender","Isporuka","SynapseInfo","1194","1533"
"NTHMedia","NTHBulkFull","S1599AMSS","PureMT","AMSS","975","1521"
"ComTradeITSS","ComTradeITSSBulkAnketa","3737BulkAnketaRaiffeisen","Anketa","3737","506","1518"
"Akton_Bulk","BulkOnDemand","SrnAlgBO","PureMT","GRAWE","1495","1497"
"Fonlider","OneClickSubscriprionBulk","OneClickSMSBulk","Isporuka","SLOBODNA","1489","1493"
"Akton_Bulk","BulkSubscriptionStarion","Stari_grad","Delivery","Stari_grad","495","1485"
"ComTradeITSS","ComTradeITSSBulkSubsciption","Bulk5005DR2","Delivery","HOMA","1468","1468"
"NTHMedia","NTHBulkFull","beobasta_rs_NTHSp","PureMT","beobasta.rs","1468","1468"
"Akton_Bulk","BulkSubscriptionStarion","SrnAirSerbia","Delivery","JUNOC","1240","1467"
"Akton_Bulk","BulkOnDemand","SRNBULKZAODJAVU","PURE_MT","Toyota","733","1460"
"NTHMedia","NTHBulkFull","S1599GLOOK","PureMT","GLOOK","1458","1458"
"Akton_Bulk","BulkOnDemand","SrnAssecoBO","pureMT","API-Bank","1456","1456"
"Infobip","InfobipBulkOnDemand","Banking_Infobip","1NonSmsCRDrB","CocaColaHBC","1443","1443"
"NTHMedia","NthBulkOnDemand","N_1599NTH_Alarm","MT","NTH_Alarm","1193","1422"
"Akton_Bulk","BulkOnDemand","SRNBULKZAODJAVU","PURE_MT","SkynetKTV","699","1421"
"ComTradeITSS","ComTradeITSSBulkOnDemand","BULK5005NoDL","1NonSmsCRDrB","AutoTrack","1394","1394"
"Akton_Bulk","BulkSubscriptionStarion","SrnBulkSaDr","Delivery","SPORTONE","1389","1389"
"ComTradeITSS","ComTradeITSSBulkSubsciption","Bulk5005DR","Delivery","MEF","1370","1370"
"NTHMedia","NTHBulkFull","S1599MeridianBet","PureMT","MeridianBet","1361","1361"
"Infobip","InfobipBulkOnDemand","Banking_Infobip","1NonSmsCRDrB","NBS","952","1353"
"mtssi","BulkOnDemand","PURITY_AKAD","PureMT","PURITY_AKAD","681","1349"
"ComTradeITSS","ComTradeITSSBulkOnDemand","MT_SpecialCharSender","Pure_MT","Dunav.","1302","1302"
"NTHMedia","NthBulkOnDemand","N1599NS_GAS_NthSpecK","MT","NS-GAS","1281","1281"
"Akton_Bulk","BulkSubscriptionStarion","SrnKettyShoes","Delivery","KettyShoes","1280","1280"
"Fonlider","OneClickSubscriprionBulk","OneClickSMSBulk","Isporuka","ASTROUSLUGE","667","1264"
"Akton_Bulk","OTT_SocNet_Starion","SrnAktonOTT","Isporuka","1xbet.rs","1233","1233"
"Akton_Bulk","BulkOnDemand","SRNBULKZAODJAVU","PURE_MT","MuzejKV","923","1231"
"ComTradeITSS","ComTradeITSSBulkOnDemand","MT_SpecialCharSender","Pure_MT","Sicarpet.","1225","1225"
"Akton_Bulk","BulkOnDemand","SRNBULKZAODJAVU","PURE_MT","MediGroup","1223","1223"
"Akton_Bulk","BulkSubscriptionStarion","SrnPolycomBulk","Delivery","JungleTribe","769","1223"
"Akton_Bulk","BulkSubscriptionStarion","SrnBulkSaDr","Delivery","6292","1218","1218"
"Infobip","InfobipBulkSubscription","IDEAonline","MtSms","IDEAonline","602","1204"
"ComTradeITSS","ComTradeITSSBulkOnDemand","BULK5005NoDL","1NonSmsCRDrB","Novakovisar","1176","1176"
"Akton_Bulk","BulkOnDemand","SRNBULKZAODJAVU","PURE_MT","GiftonCard","1166","1166"
"Infobip","InfobipBulkSubscription","GBI","Delivery","Knjaz_Milos","1074","1149"
"CePP","CeppBulkOnDemand","CeppBulkBanke","BulkBanke","WobyHaus","772","1139"
"CePP","CeppBulkOnDemand","CePP_InfoStanjeSender","Isporuka","Gstambeno","1128","1129"
"Infobip","InfobipBulkOnDemand","Banking_Infobip","1NonSmsCRDrB","PinnBetInfo","1062","1080"
"Akton_Bulk","BulkSubscriptionStarion","SrnBulkSaDr2","Delivery","Enso","1076","1076"
"Infobip","InfobipBulkOnDemand","Banking_Infobip","1NonSmsCRDrB","ECD","1074","1074"
"Infobip","InfobipBulkOnDemand","Banking_Infobip","1NonSmsCRDrB","AdriaticBnK","1002","1060"
"NTHMedia","NTHBulkFull","S1599Plus_CC_Spe","PureMT","Plus_CC","1048","1048"
"ComTradeITSS","ComTradeITSSBulkSubsciption","Bulk5005DR2","Delivery","Jasmil","521","1042"
"CePP","CeppBulkOnDemand","CePP_InfoStanjeSender","Isporuka","CleanAir","539","1040"
"ComTradeITSS","ComTradeITSSBulkSubsciption","Bulk5005DR2","Delivery","NextFiber","923","1025"
"Akton_Bulk","BulkSubscriptionStarion","SrnBulkSaDr","Delivery","UPOR","987","987"
"ComTradeITSS","ComTradeITSSBulkOnDemand","BULK5005NoDL","1NonSmsCRDrB","HopHopInfo","489","972"
"NTHMedia","NthBulkOnDemand","N_1599Galeb","Isporuka","Galeb","884","938"
"Akton_Bulk","BulkSubscriptionStarion","SrnPolycomBulk","Delivery","GRAD_UZICE","521","930"
"NTHMedia","NTHBulkFull","S1599NepoSystem","PureMT","NepoSystem","641","920"
"Infobip","InfobipBulkOnDemand","Banking_Infobip","1NonSmsCRDrB","RomaCompany","918","918"
"Akton_Bulk","BulkSubscriptionStarion","SportNFashion","Delivery","SnF","893","893"
"NTHMedia","NthBulkOnDemand","N1599FastKurirRS","MT","FastKurirRS","784","893"
"NTHMedia","NthBulkOnDemand","N_1599MEADENT","MT","MEADENT","881","882"
"NTHMedia","NthBulkOnDemand","N_1599MEXC","MT","MEXC","880","880"
"ComTradeITSS","ComTradeITSSBulkSubsciption","Bulk5005DR2","Delivery","KOMUNA","874","874"
"NTHMedia","NTHBulkFull","S1599_4zida","PureMT","4zida","817","873"
"Akton_Bulk","BulkSubscriptionStarion","Srn3639Astro","Delivery","3639.Astro","869","869"
"Infobip","Infobip_OTT_SocNet","OTT_SocNet_Infobip","Isporuka","BOC Message","679","856"
"NTHMedia","NthBulkOnDemand","N_1599Alfa_Enter_NthSpecK","MT","Alfa_Enter","428","856"
"NTHMedia","NTHBulkFull","S1599ZaoMakeUp","PureMT","ZaoMakeUp","852","852"
"Akton_Bulk","BulkOnDemand","SRNBULKZAODJAVU","PURE_MT","HappyKidsPU","235","821"
"Akton_Bulk","BulkOnDemand","SRNBULKZAODJAVU","PURE_MT","OrionTV","814","814"
"Akton_Bulk","BulkSubscriptionStarion","SrnBulkSaDr2","Delivery","LYCTUM","814","814"
"Infobip","InfobipBulkSubscription","AutoTehnika","MtSms","AutoTehnika","435","802"
"Akton_Bulk","BulkOnDemand","SRNBULKZAODJAVU","PURE_MT","CROPP","400","799"
"ComTradeITSS","ComTradeITSSBulkOnDemand","BULKNoDL","Pure_MT","eZakazi","725","785"
"Akton_Bulk","BulkOnDemand","SRNBULKZAODJAVU","PURE_MT","IPSOS","773","784"
"NTHMedia","NTHBulkFull","S1599ReaMedika","PureMT","ReaMedika","779","779"
"Infobip","InfobipBulkAnketa","3138TeleSign_Anketa","Anketa","3138","412","776"
"Fonlider","OneClickSubscriprionBulk","OneClickSMSBulk","Isporuka","CHAT","703","774"
"Akton_Bulk","BulkSubscriptionStarion","SrnPolycomBulk","Delivery","Am_club_24h","689","773"
"NTHMedia","NTHBulkFull","S1599Zepter","PureMT","Zepter","182","758"
"Akton_Bulk","BulkSubscriptionStarion","SrnMaestroBulkDr","Delivery","MAESTRO","375","750"
"Akton_Bulk","BulkOnDemand","SRNBULKZAODJAVU","PURE_MT","Daibau","744","744"
"ComTradeITSS","ComTradeITSSBulkOnDemand","BULK5005NoDL","1NonSmsCRDrB","Visage","186","744"
"Infobip","InfobipBulkOnDemand","Banking_Infobip","1NonSmsCRDrB","Vigoshop","727","727"
"NTHMedia","NTHBulkFull","S1599GEAAgronet","PureMT","GEAAgronet","723","723"
"Akton_Bulk","BulkSubscriptionStarion","GRANDSLOT","Delivery","GRANDSLOT","357","714"
"Akton_Bulk","BulkOnDemand","SrnAssecoBO","pureMT","POSTED","704","704"
"Akton_Bulk","BulkOnDemand","SRNBULKZAODJAVU","PURE_MT","Lindex.","701","701"
"Infobip","Infobip_OTT_SocNet","OTT_SocNet_Infobip","Isporuka","HONOR","701","701"
"Infobip","InfobipBulkSubscription","TaxiServis","Delivery","Ladjar","672","672"
"NTHMedia","NTHBulkFull","S1599Comma","PureMT","Comma","661","661"
"ComTradeITSS","ComTradeITSSBulkOnDemand","BULKNoDL","Pure_MT","ODMC-SBB","656","656"
"Akton_Bulk","BulkOnDemand","SRNBULKZAODJAVU","PURE_MT","MOHITO","651","651"
"NTHMedia","NTHBulkFull","S1599RIZKRS_NTHSpecCh","PureMT","RIZK.RS","431","630"
"Akton_Bulk","BulkOnDemand","SRNBULKZAODJAVU","PURE_MT","HOUSE","350","625"
"ComTradeITSS","ComTradeITSSBulkOnDemand","BULK5005NoDL","1NonSmsCRDrB","Zlatiborac","605","605"
"CePP","CePPBulkSubsciption","CePPSmsBulkDr","Delivery","CleanAir","451","601"
"NTHMedia","NTHBulkFull","S1599LesninaXXXL","PureMT","LesninaXXXL","600","600"
"ComTradeITSS","ComTradeITSSBulkSubsciption","Bulk5005DR2","Delivery","VasMELEM","597","597"
"NTHMedia","NTHBulkFull","S1599Gente","PureMT","Gente","298","595"
"ComTradeITSS","ComTradeITSSBulkOnDemand","BULK5005NoDL","1NonSmsCRDrB","STANKOVinfo","441","568"
"Akton_Bulk","BulkOnDemand","SRNBULKZAODJAVU","PURE_MT","BASF","567","567"
"CePP","CeppBulkOnDemand","CeppBulkBanke","BulkBanke","LOOPIA","304","567"
"Akton_Bulk","BulkSubscriptionStarion","SrnBulkSaDr","Delivery","RTC","554","562"
"Akton_Bulk","BulkOnDemand","SRNBULKZAODJAVU","PURE_MT","Sportvision","187","561"
"NTHMedia","NTHBulkFull","S1599PMCFakultet","PureMT","PMCFakultet","196","555"
"Fonlider","OneClickPureMTbulk","OneClickSMSBulk1","PureMT","ADS_SMS","290","550"
"NTHMedia","NthBulkOnDemand","N_1599IQOSClub","MT","IQOSClub","540","540"
"Akton_Bulk","BulkSubscriptionStarion","SrnPolycomBulk","Delivery","Modena_Info","218","539"
"Infobip","InfobipBulkOnDemand","Banking_Infobip","1NonSmsCRDrB","PandoraINFO","532","532"
"ComTradeITSS","ComTradeITSSBulkOnDemand","BULK5005NoDL","1NonSmsCRDrB","DivaKlinika","531","531"
"Infobip","InfobipBulkOnDemand","Banking_Infobip","1NonSmsCRDrB","BETTYInfo","525","525"
"NTHMedia","NTHBulkFull","S1599Panda4You","PureMT","Panda4You","306","523"
"Akton_Bulk","BulkOnDemand","SRNBULKZAODJAVU","PURE_MT","AgroInfo","522","522"
"NTHMedia","NthBulkOnDemand","N_1599UC_Banka_NTH_Spec","MT","UC_Banka","449","515"
"Akton_Bulk","BulkSubscriptionStarion","SrnPolycomBulk","Delivery","Dexpress","514","514"
"ComTradeITSS","ComTradeITSSBulkOnDemand","BULKNoDL","Pure_MT","IronRep","511","511"
"Akton_Bulk","BulkOnDemand","SRNBULKZAODJAVU","PURE_MT","VW_servis","255","510"
"NTHMedia","NTHBulkFull","S1599VODEN","PureMT","VODEN","456","507"
"Akton_Bulk","BulkSubscriptionStarion","Boomerang","Delivery","Boomerang","252","503"
"Infobip","InfobipBulkSubscription","Toprabat","MtSms","Toprabat","276","496"
"NTHMedia","NthBulkOnDemand","N_1599MojaPatrola","MT","MojaPatrola","480","480"
"Akton_Bulk","BulkSubscriptionStarion","SrnPolycomBulk","Delivery","Go2_Event","209","474"
"ComTradeITSS","ComTradeITSSBulkSubsciption","Bulk5005DR","Delivery","ESTEH.NET","120","474"
"Akton_Bulk","BulkSubscriptionStarion","GalerijaPodova","Delivery","GalerijaPod","469","469"
"NTHMedia","NTHBulkFull","S1599BCGroup","PureMT","BC_Group","400","465"
"Akton_Bulk","BulkOnDemand","SRNBULKZAODJAVU","PURE_MT","Emmezeta","460","460"
"NTHMedia","NTHBulkFull","S1599RLKBeograda","PureMT","RLKBeograda","226","452"
"Akton_Bulk","BulkSubscriptionStarion","Ploom","Delivery","Ploom","109","436"
"Akton_Bulk","BulkSubscriptionStarion","SrnBulkSaDr","Delivery","DISTANTE","433","433"
"ComTradeITSS","ComTradeITSSBulkOnDemand","BULK5005NoDL","1NonSmsCRDrB","eventlin","433","433"
"Fonlider","OneClickSubscriprionBulk","OneClickSMSBulk","Isporuka","MEXX","427","427"
"ComTradeITSS","ComTradeITSSBulkOnDemand","BULK5005NoDL","1NonSmsCRDrB","Dunav","213","426"
"NTHMedia","NthBulkOnDemand","N_1599Onesta","PureMT","Onesta","341","406"
"NTHMedia","NthBulkOnDemand","N_1516INFOSTUD","MT","INFOSTUD","200","400"
"Akton_Bulk","OTT_SocNet_Starion","SrnAktonOTT","Isporuka","CartBoss","262","384"
"Akton_Bulk","BulkOnDemand","SRNBULKZAODJAVU","PURE_MT","SoftechAUTH","378","378"
"Akton_Bulk","BulkOnDemand","SRNBULKZAODJAVU","PURE_MT","BIBLIOTEKA","376","376"
"Akton_Bulk","BulkOnDemand","SRNBULKZAODJAVU","PURE_MT","PetKlub","375","375"
"ComTradeITSS","ComTradeITSSBulkOnDemand","BULK5005NoDL","1NonSmsCRDrB","ASAPcentar","365","365"
"Infobip","InfobipBulkOnDemand","Banking_Infobip","1NonSmsCRDrB","Galerija","358","358"
"NTHMedia","NthBulkOnDemand","N_1599Bookaweb","MT","Bookaweb","194","355"
"Akton_Bulk","BulkSubscriptionStarion","SrnBulkSaDr","Delivery","Ankica","91","348"
"Infobip","InfobipBulkAnketa","4688HSECOMMBG011DOO_Anketa","Anketa","4688","169","345"
"ComTradeITSS","ComTradeITSSBulkOnDemand","BULKNoDL","Pure_MT","MEDIUS","342","342"
"Infobip","InfobipBulkOnDemand","Banking_Infobip","1NonSmsCRDrB","PloomCare","171","339"
"NTHMedia","NTHBulkFull","S_1599NemetSokovi","PureMT","NemetSokovi","339","339"
"Akton_Bulk","BulkSubscriptionStarion","CHAT_1101","Delivery","CHAT1101","230","335"
"Akton_Bulk","BulkSubscriptionStarion","SrnBulkSaDr2","Delivery","OzVoz","334","334"
"Infobip","InfobipBulkSubscription","Movem","MtSms","Movem","326","326"
"Akton_Bulk","BulkOnDemand","SRNBULKZAODJAVU","PURE_MT","Audi_servis","162","324"
"Akton_Bulk","BulkOnDemand","SRNBULKZAODJAVU","PURE_MT","BuZZ","108","324"
"ComTradeITSS","ComTradeITSSBulkOnDemand","BULK5005NoDL","1NonSmsCRDrB","FashionCo","213","315"
"Akton_Bulk","BulkSubscriptionStarion","SrnBulkSaDr","Delivery","Neodent","305","305"
"Infobip","Infobip_OTT_SocNet","OTT_SocNet_Infobip","Isporuka","OneAPI","303","303"
"ComTradeITSS","ComTradeITSSBulkOnDemand","BULKNoDL","Pure_MT","GoKinder","265","297"
"NTHMedia","NTHBulkFull","S1599Ewe","PureMT","Ewe","227","297"
"NTHMedia","NthBulkOnDemand","N_1599WinnerBet","MT","WinnerBet","271","291"
"Infobip","InfobipBulkOnDemand","Banking_Infobip","1NonSmsCRDrB","LOVCEN","279","284"
"Infobip","InfobipBulkOnDemand","Banking_Infobip","1NonSmsCRDrB","EPLAtmMon","283","283"
"Akton_Bulk","BulkSubscriptionStarion","SrnPolycomBulk","Delivery","Formaxstore","279","279"
"ComTradeITSS","ComTradeITSSBulkSubsciption","Bulk5005DR","Delivery","GOMEX","129","278"
"Akton_Bulk","BulkOnDemand","SrnAlgBO","PureMT","MojAuto","269","269"
"ComTradeITSS","ComTradeITSSBulkOnDemand","BULK5005NoDL","1NonSmsCRDrB","FedExSrbija","89","267"
"Infobip","InfobipBulkSubscription","LINKFSU","MtSms","FSU","265","265"
"NTHMedia","NthBulkOnDemand","N_1599Stepin_Vajat","MT","StepinVajat","264","264"
"Akton_Bulk","BulkSubscriptionStarion","SrnBulkSaDr","Delivery","Sastanak","126","251"
"NTHMedia","NthBulkOnDemand","N_1599Dijamant (deleted)","MT","Dijamant","78","250"
"ComTradeITSS","ComTradeITSSBulkOnDemand","BULK5005NoDL","1NonSmsCRDrB","InfoESMART","249","249"
"Fonlider","OneClickPureMTbulk","OneClickSMSBulk1","PureMT","Bukware","155","249"
"NTHMedia","NTHBulkFull","S1599WORTH","PureMT","WORTH","216","246"
"NTHMedia","NthBulkOnDemand","N_1599Authentify","MT","Authentify","246","246"
"Akton_Bulk","BulkSubscriptionStarion","OZCENTRAL","Delivery","OZCENTRAL","82","244"
"Akton_Bulk","BulkOnDemand","SrnAssecoBO","pureMT","SC24x7","240","240"
"NTHMedia","NthBulkOnDemand","N_1599MyKidsPass","MT","MyKidsPass","238","238"
"NTHMedia","NTHBulkFull","S1599PSfashion","PureMT","PSfashion","133","237"
"NTHMedia","NTHBulkFull","S1599eStanovanje","PureMT","eStanovanje","211","235"
"Akton_Bulk","BulkOnDemand","SRNBULKZAODJAVU","PURE_MT","Hyundai","117","234"
"TelekomSrbija","TelekomSrbijaBulkOnDemand","OLMsendSms","1NonSmsFoC","eDopuna","169","231"
"NTHMedia","NTHBulkFull","S1599VivaTravel","PureMT","VivaTravel","80","230"
"Akton_Bulk","BulkSubscriptionStarion","SrnBulkSaDr","Delivery","FarmCommerc","228","228"
"Infobip","InfobipBulkOnDemand","Banking_Infobip","1NonSmsCRDrB","VOLCANOBET","225","225"
"Infobip","InfobipBulkOnDemand","Banking_Infobip","1NonSmsCRDrB","ZAPADBANKA","209","225"
"Infobip","InfobipBulkSubscription","LINKIT","MtSms","ITAcademy","111","225"
"NTHMedia","NthBulkOnDemand","N_1599UBSpotvrda","MT","UBSpotvrda","222","222"
"ComTradeITSS","ComTradeITSSBulkSubsciption","Bulk5005DR","Delivery","NICOLAS","110","220"
"Infobip","InfobipBulkOnDemand","Banking_Infobip","1NonSmsCRDrB","Info CCC","219","219"
"Infobip","InfobipBulkSubscription","AutoServis","MtSms","AutoServis","218","218"
"Akton_Bulk","BulkSubscriptionStarion","SrnPolycomBulk","Delivery","ARGUS_Tours","77","215"
"Infobip","InfobipBulkOnDemand","Banking_Infobip","1NonSmsCRDrB","CL1","57","213"
"Akton_Bulk","BulkSubscriptionStarion","SrnPolycomBulk","Delivery","skola_info","106","212"
"Akton_Bulk","BulkOnDemand","SRNBULKZAODJAVU","PURE_MT","SPOScode","204","204"
"ComTradeITSS","ComTradeITSSBulkOnDemand","BULK5005NoDL","1NonSmsCRDrB","Vase_Zvrcke","101","202"
"Infobip","Infobip_OTT_SocNet","OTT_SocNet_Infobip","Isporuka","MashreqBank","201","201"
"ComTradeITSS","ComTradeITSSBulkSubsciption","Bulk5005DR2","Delivery","INORADNICI","197","197"
"Akton_Bulk","BulkOnDemand","SRNBULKZAODJAVU","PURE_MT","Colja","194","196"
"NTHMedia","NTHBulkFull","matis_rs_NTHSpecK","PureMT","matis.rs","182","196"
"ComTradeITSS","ComTradeITSSBulkOnDemand","BULKNoDL","Pure_MT","AKKOMPRESOR","194","194"
"Infobip","InfobipBulkOnDemand","Banking_Infobip","1NonSmsCRDrB","NISverify","192","192"
"Fonlider","OneClickSubscriprionBulk","OneClickSMSBulk","Isporuka","VidiVidi","190","190"
"Akton_Bulk","BulkOnDemand","SRNBULKZAODJAVU","PURE_MT","CarInfo","189","189"
"Akton_Bulk","BulkSubscriptionStarion","SrnBulkSaDr","Delivery","Salas024","186","186"
"ComTradeITSS","ComTradeITSSBulkOnDemand","BULK5005NoDL","1NonSmsCRDrB","DobarSluh","184","184"
"NTHMedia","NTHBulkFull","Tostelli_rs_NTHSp","PureMT","Tostelli.rs","184","184"
"Fonlider","OneClickPureMTbulk","OneClickSMSBulk1","PureMT","DOMING","177","177"
"NTHMedia","NthBulkOnDemand","N1599_mani","ISPORUKA","mani","177","177"
"Akton_Bulk","BulkSubscriptionStarion","SrnBulkSaDr2","Delivery","6218","83","176"
"Akton_Bulk","BulkOnDemand","SRNBULKZAODJAVU","PURE_MT","Extrasports","56","168"
"NTHMedia","NTHBulkFull","S1599AVANGARDIA","PureMT","AVANGARDIA","167","167"
"Infobip","Infobip_OTT_SocNet","OTT_SocNet_Infobip","Isporuka","CCC.EU","166","166"
"ComTradeITSS","ComTradeITSSBulkOnDemand","BULK5005NoDL","1NonSmsCRDrB","IntesaLeas","163","163"
"Fonlider","OneClickPureMTbulk","OneClickSMSBulk1","PureMT","SPS_NS","84","159"
"Fonlider","OneClickPureMTbulk","OneClickSMSBulk1","PureMT","ENOTIFY","157","157"
"Akton_Bulk","BulkOnDemand","SrnAlgBO","PureMT","UniFon","156","156"
"NTHMedia","NthBulkOnDemand","N_1599SNS","MT","SNS","155","155"
"NTHMedia","NthBulkOnDemand","N_1599maeliars_NthSpecK","MT","maelia.rs","152","152"
"Infobip","InfobipBulkOnDemand","Banking_Infobip","1NonSmsCRDrB","MAXIDOM.RS","148","148"
"ComTradeITSS","ComTradeITSSBulkOnDemand","BULKNoDL","Pure_MT","NasVrtic","146","146"
"ComTradeITSS","ComTradeITSSBulkOnDemand","MT_SpecialCharSender","Pure_MT","FABIOM.RS","146","146"
"Akton_Bulk","BulkSubscriptionStarion","SrnPolycomBulk","Delivery","Checkpoint","143","143"
"Akton_Bulk","BulkSubscriptionStarion","NPS","Delivery","NPS","71","142"
"ComTradeITSS","ComTradeITSSBulkOnDemand","BULK5005NoDL","1NonSmsCRDrB","adriaticbnk","47","141"
"NTHMedia","NTHBulkFull","S1599Medeja","PureMT","Medeja","133","137"
"ComTradeITSS","ComTradeITSSBulkOnDemand","BULKNoDL","Pure_MT","FORMATIC","134","134"
"NTHMedia","NthBulkOnDemand","NTHBulkDirect","PureMT","Ag.Ciric","134","134"
"NTHMedia","NthBulkOnDemand","N_1599NINIA","MT","NINIA","129","129"
"Akton_Bulk","BulkOnDemand","SRNBULKZAODJAVU","PURE_MT","Komsija","128","128"
"Akton_Bulk","BulkOnDemand","SrnAlgBO","PureMT","NEKRETNINE","127","127"
"Akton_Bulk","BulkSubscriptionStarion","SrnOrionAkt","Delivery","web_SMS","125","125"
"Infobip","InfobipBulkSubscription","CFOnlajn","MtSms","CFOnlajn","123","125"
"ComTradeITSS","ComTradeITSSBulkOnDemand","BULKNoDL","Pure_MT","VP_INFO","124","124"
"Infobip","InfobipBulkSubscription","LINKIA","MtSms","IAcademy","62","124"
"Infobip","Infobip_OTT_SocNet","OTT_SocNet_Infobip","Isporuka","QSMS","121","124"
"ComTradeITSS","ComTradeITSSBulkOnDemand","BULKNoDL","Pure_MT","FITSPORT","123","123"
"mtssi","BulkOnDemand","nisparking","PureMT","nisparking","122","122"
"Akton_Bulk","BulkOnDemand","SRNBULKZAODJAVU","PURE_MT","Radio","119","119"
"Akton_Bulk","BulkSubscriptionStarion","SrnPolycomBulk","Delivery","PuzzleGroup","63","119"
"NTHMedia","NTHBulkFull","S1599Kupovina_DG_Sp","PureMT","Kupovina.DG","118","118"
"NTHMedia","NthBulkOnDemand","N_1599DERMOTIN","MT","DERMOTIN","57","114"
"ComTradeITSS","ComTradeITSSBulkSubsciption","Bulk5005DR2","Delivery","SINDIKAT","112","112"
"Akton_Bulk","BulkOnDemand","SRNBULKZAODJAVU","PURE_MT","iFixServis","111","111"
"Akton_Bulk","BulkSubscriptionStarion","SrnBulkSaDr","Delivery","Propis_Soft","73","111"
"Akton_Bulk","BulkSubscriptionStarion","SrnBulkSaDr","Delivery","BACKUP","109","109"
"NTHMedia","NTHBulkFull","S1599MINI","PureMT","MINI","36","108"
"Akton_Bulk","BulkSubscriptionStarion","SrnPolycomBulk","Delivery","MANGA_TRIP","53","106"
"Infobip","Infobip_OTT_SocNet","OTT_SocNet_Infobip","Isporuka","Eurobank CY","105","106"
"Akton_Bulk","BulkSubscriptionStarion","Srn_LEAR","Delivery","LEAR","52","104"
"NTHMedia","NTHBulkFull","S1599ParketPlus","PureMT","ParketPlus","51","102"
"ComTradeITSS","ComTradeITSSBulkOnDemand","BULK5005NoDL","1NonSmsCRDrB","RLKJS","101","101"
"Fonlider","OneClickSubscriprionBulk","OneClickSMSBulk","Isporuka","VIVATBET","101","101"
"NTHMedia","NTHBulkFull","S1599Milka","PureMT","Milka","39","100"
"NTHMedia","NthBulkOnDemand","N1599AltaBanka","MT","AltaBanka","100","100"
"NTHMedia","NTHBulkFull","S1599Trcko_rs_SC (deleted)","PureMT","Trcko.rs","50","98"
"TelekomSrbija","TelekomSrbijaBulkOnDemand","TarifniDodaciMT","1NonSms","1221","91","98"
"ComTradeITSS","ComTradeITSSBulkOnDemand","BULK5005NoDL","1NonSmsCRDrB","APIBank","97","97"
"Akton_Bulk","BulkOnDemand","SRNBULKZAODJAVU","PURE_MT","VITAPUR","96","96"
"ComTradeITSS","ComTradeITSSBulkOnDemand","BulkFoCNotification","Notification","3737","96","96"
"ComTradeITSS","ComTradeITSSBulkOnDemand","BULK5005NoDL","1NonSmsCRDrB","AltaPay","47","94"
"NTHMedia","NthBulkOnDemand","N_1599Legat","MT","Legat","93","93"
"Akton_Bulk","BulkOnDemand","SRNBULKZAODJAVU","PURE_MT","UOS.rs","92","92"
"Akton_Bulk","BulkSubscriptionStarion","SrnPolycomBulk","Delivery","TroskoviTim","92","92"
"ComTradeITSS","ComTradeITSSBulkOnDemand","BULKBankeOTPNoDL","Pure_MT","SC24x7","92","92"
"ComTradeITSS","ComTradeITSSBulkOnDemand","BULKNoDL","Pure_MT","Agrines","74","92"
"Infobip","InfobipBulkOnDemand","Banking_Infobip","1NonSmsCRDrB","ACPivasevic","88","92"
"ComTradeITSS","ComTradeITSSBulkOnDemand","BULKNoDL","Pure_MT","Beo-Car","31","91"
"ComTradeITSS","ComTradeITSSBulkOnDemand","BULK5005NoDL","1NonSmsCRDrB","THEBODYSHOP","88","88"
"Akton_Bulk","BulkSubscriptionStarion","SrnBulkSaDr","Delivery","E-Gimnazija","77","85"
"ComTradeITSS","ComTradeITSSBulkOnDemand","BULK5005NoDL","1NonSmsCRDrB","BATGLO","83","83"
"NTHMedia","NthBulkOnDemand","N_1599drop","MT","drop","83","83"
"Akton_Bulk","BulkSubscriptionStarion","REVITA","Delivery","REVITA","82","82"
"Akton_Bulk","BulkSubscriptionStarion","SrnPolycomBulk","Delivery","TripTopInfo","28","82"
"ComTradeITSS","ComTradeITSSBulkOnDemand","BULK5005NoDL","1NonSmsCRDrB","PKS","28","82"
"NTHMedia","NTHBulkFull","S1599TOYZZZ","PureMT","TOYZZZ","80","80"
"CePP","CeppBulkOnDemand","CeppBulkBanke","BulkBanke","Telepregled","75","79"
"Infobip","InfobipBulkSubscription","ECONOMIST","MtSms","ECONOMIST","79","79"
"Akton_Bulk","BulkSubscriptionStarion","SrnBulkSaDr2","Delivery","TenPro","78","78"
"Infobip","Infobip_OTT_SocNet","OTT_SocNet_Infobip","Isporuka","Infobip","77","77"
"NTHMedia","NthBulkOnDemand","N_1599NLB","MT","NLB","77","77"
"Akton_Bulk","BulkOnDemand","SRNBULKZAODJAVU","PURE_MT","Draexlmaier","66","74"
"Akton_Bulk","BulkSubscriptionStarion","Syngenta","Delivery","Syngenta","74","74"
"Akton_Bulk","BulkSubscriptionStarion","SrnAutoMika","Delivery","AutoMika","73","73"
"Infobip","InfobipBulkSubscription","VALAMAR","MtSms","VALAMAR","72","72"
"Akton_Bulk","BulkSubscriptionStarion","SrnBulkSaDr","Delivery","100zena","39","71"
"NTHMedia","NthBulkOnDemand","N_1599Appointfix","MT","Appointfix","62","68"
"Akton_Bulk","BulkOnDemand","SRNBULKZAODJAVU","PURE_MT","eAssessor","32","64"
"NTHMedia","NTHBulkFull","S1599COMPLAND","PureMT","COMPLAND","62","62"
"Akton_Bulk","BulkOnDemand","SRNBULKZAODJAVU","PURE_MT","Converse.","60","60"
"ComTradeITSS","ComTradeITSSBulkOnDemand","BULKNoDL","Pure_MT","BabyPalace","57","57"
"Infobip","InfobipBulkOnDemand","Banking_Infobip","1NonSmsCRDrB","VELUX Club","57","57"
"Infobip","InfobipBulkSubscription","TimJurisic","MtSms","TimJurisic","57","57"
"CePP","CePPBulkSubsciption","CePPSmsBulkDr","Delivery","PurSolution","31","56"
"Infobip","InfobipBulkSubscription","JASMIN","MtSms","JASMIN","15","54"
"NTHMedia","NthBulkOnDemand","N_1599KONTIKI","Isporuka","KONTIKI","36","54"
"ComTradeITSS","ComTradeITSSBulkOnDemand","BULK5005NoDL","1NonSmsCRDrB","ModineSRB","27","52"
"NTHMedia","NTH_OTT_SocNet","OTT_Microsoft","Isporuka","Microsoft","52","52"
"ComTradeITSS","ComTradeITSSBulkOnDemand","BULKNoDL","Pure_MT","EUROPROM","51","51"
"NTHMedia","NTHBulkFull","S1599TERMOMETAL","PureMT","TERMOMETAL","50","50"
"Akton_Bulk","BulkOnDemand","SRNBULKZAODJAVU","PURE_MT","Trendmaker","16","49"
"ComTradeITSS","ComTradeITSSBulkOnDemand","BULK5005NoDL","1NonSmsCRDrB","LINDEX","49","49"
"Akton_Bulk","BulkOnDemand","SRNBULKZAODJAVU","PURE_MT","OKOIOKO","48","48"
"Akton_Bulk","BulkSubscriptionStarion","SrnBulkSaDr","Delivery","SMSTISZA","20","48"
"ComTradeITSS","ComTradeITSSBulkOnDemand","BULKNoDL","Pure_MT","EuroPetrol","48","48"
"Fonlider","OneClickPureMTbulk","OneClickSMSBulk1","PureMT","SmartLab","24","48"
"Infobip","Infobip_OTT_SocNet","OTT_SocNet_Infobip","Isporuka","SANDP","48","48"
"NTHMedia","NthBulkOnDemand","N_1599KnjazNatura","MT","KnjazNatura","48","48"
"Akton_Bulk","BulkOnDemand","SRNBULKZAODJAVU","PURE_MT","Seat_servis","23","46"
"NTHMedia","NTHBulkFull","S1599_TIS_doo","PureMT","TIS_doo","23","46"
"mtssi","BulkOnDemand","LINKINPRO","PureMT","LINKINPRO","30","44"
"Akton_Bulk","BulkSubscriptionStarion","SrnBulkSaDr","Delivery","Dalamber","42","42"
"ComTradeITSS","ComTradeITSSBulkOnDemand","BULK5005NoDL","1NonSmsCRDrB","CTservis","21","42"
"NTHMedia","NthBulkOnDemand","N_1599Stim_studio_NthSpecK","MT","Stim_studio","42","42"
"Infobip","Infobip_OTT_SocNet","OTT_SocNet_Infobip","Isporuka","Cosmetics","41","41"
"NTHMedia","NTHBulkFull","S1599G4S","PureMT","G4S","40","40"
"NTHMedia","NthBulkOnDemand","N_1599RIK","PureMT","RIK","40","40"
"CePP","CePPBulkSubsciption","CePPSmsBulkDr","Delivery","JUM-Merosin","39","39"
"NTHMedia","NthBulkOnDemand","N_1599AUTHMSG","MT","AUTHMSG","39","39"
"Infobip","InfobipBulkOnDemand","Banking_Infobip","1NonSmsCRDrB","GEELY","26","38"
"Infobip","InfobipBulkSubscription","LINKBA","MtSms","BAcademy","19","38"
"CePP","CePPBulkSubsciption","CePPSmsBulkDr","Delivery","eUprava","37","37"
"Akton_Bulk","BulkOnDemand","SRNBULKZAODJAVU","PURE_MT","Jacadi","36","36"
"Akton_Bulk","BulkSubscriptionStarion","SrnBulkSaDr","Delivery","AeraGroup","18","36"
"Akton_Bulk","BulkSubscriptionStarion","Thing_Solver","Delivery","Thingsolver","36","36"
"Akton_Bulk","BulkSubscriptionStarion","SrnBulkSaDr","Delivery","FabrikaUMKA","16","35"
"Akton_Bulk","BulkSubscriptionStarion","SrnPolycomBulk","Delivery","LORIJEN","35","35"
"Akton_Bulk","BulkSubscriptionStarion","SrnPolycomBulk","Delivery","SG_JAGODINA","17","34"
"Akton_Bulk","BulkOnDemand","SRNBULKZAODJAVU","PURE_MT","TelixUE","33","33"
"Infobip","Infobip_OTT_SocNet","OTT_SocNet_Infobip","Isporuka","cdbbank","32","32"
"CePP","CeppBulkOnDemand","VsdSmsNotifikacije","pureMT","VSD","31","31"
"NTHMedia","NthBulkOnDemand","N1599Crystalline","MT","Crystalline","30","30"
"Akton_Bulk","BulkSubscriptionStarion","SrnBulkSaDr","Delivery","NorDent","14","28"
"Infobip","Infobip_OTT_SocNet","OTT_SocNet_Infobip","Isporuka","IBKR","28","28"
"NTHMedia","NthBulkOnDemand","N_1599BIGBLUE","Isporuka","BIGBLUE","26","28"
"Infobip","InfobipBulkSubscription","BalkanBet","MtSms","BalkanBet","27","27"
"Akton_Bulk","BulkOnDemand","SRNBULKZAODJAVU","PURE_MT","GlobalSRB","8","26"
"Akton_Bulk","BulkSubscriptionStarion","SrnBulkSaDr","Delivery","ProfiSistem","13","26"
"ComTradeITSS","ComTradeITSSBulkOnDemand","BULK5005NoDL","1NonSmsCRDrB","CONVERSE","26","26"
"NTHMedia","NTHBulkFull","S1599DeltaMotors","PureMT","DeltaMotors","13","25"
"Akton_Bulk","BulkOnDemand","SRNBULKZAODJAVU","PURE_MT","tike.","9","24"
"Akton_Bulk","BulkOnDemand","SrnAssecoBO","pureMT","MIRABANK","24","24"
"ComTradeITSS","ComTradeITSSBulkOnDemand","BULK5005NoDL","1NonSmsCRDrB","EastBox","13","24"
"NTHMedia","NthBulkOnDemand","N1599_C12","ISPORUKA","C12","24","24"
"NTHMedia","NthBulkOnDemand","N_1599LGE","MT","LGE","12","24"
"ComTradeITSS","ComTradeITSSBulkOnDemand","BULK5005NoDL","1NonSmsCRDrB","OTPLEASING","13","23"
"Akton_Bulk","BulkSubscriptionStarion","SrnBulkSaDr","Delivery","MediaSms","11","22"
"CePP","CePPBulkSubsciption","CePPSmsBulkDr","Delivery","JUM-VRBAS","11","22"
"NTHMedia","NTHBulkFull","NTHSpecK","PureMT","Delta_Auto","11","22"
"ComTradeITSS","ComTradeITSSBulkOnDemand","BULK5005NoDL","1NonSmsCRDrB","SexyShop","21","21"
"ComTradeITSS","ComTradeITSSBulkSubsciption","Bulk5005DR2","Delivery","Tempus","20","20"
"Infobip","Infobip_OTT_SocNet","OTT_SocNet_Infobip","Isporuka","VisaAssist","15","20"
"NTHMedia","NTHBulkFull","S1599s_Oliver_NthSpecK","PureMT","s.Oliver","19","19"
"ComTradeITSS","ComTradeITSSBulkOnDemand","BULK5005NoDL","1NonSmsCRDrB","Comtrade","15","18"
"Infobip","InfobipBulkSubscription","KMAG","MtSms","KMAG","18","18"
"NTHMedia","NthBulkOnDemand","N1599eOtpremnica","MT","eOtpremnica","18","18"
"NTHMedia","NthBulkOnDemand","N_1599silux","PureMT","silux","10","18"
"Infobip","Infobip_OTT_SocNet","OTT_SocNet_Infobip","Isporuka","CLNTAM","17","17"
"ComTradeITSS","ComTradeITSSBulkOnDemand","BULK5005NoDL","1NonSmsCRDrB","SMFashion","11","16"
"NTHMedia","NthBulkOnDemand","N_1599Nutricia","MT","Nutricia","16","16"
"ComTradeITSS","ComTradeITSSBulkOnDemand","BULK5005NoDL","1NonSmsCRDrB","Tasty","15","15"
"NTHMedia","NthBulkOnDemand","N1599BPS_BL_NthSpecK","MT","BPS_BL","15","15"
"Akton_Bulk","BulkOnDemand","SRNBULKZAODJAVU","PURE_MT","YUnet","14","14"
"ComTradeITSS","ComTradeITSSBulkOnDemand","BULKNoDL","Pure_MT","Reklamacije","13","13"
"ComTradeITSS","ComTradeITSSBulkOnDemand","MT_SpecialCharSender","Pure_MT","WINNER_CLUB","6","12"
"NTHMedia","NTHBulkFull","S1599CERESIT","Isporuka","CERESIT","6","12"
"Akton_Bulk","BulkOnDemand","SRNBULKZAODJAVU","PURE_MT","VITOROG","11","11"
"CePP","CePPBulkSubsciption","CePPSmsBulkDr","Delivery","AgroTopVSG","11","11"
"ComTradeITSS","ComTradeITSSBulkOnDemand","BULKNoDL","Pure_MT","CityPortal","11","11"
"Infobip","Infobip_OTT_SocNet","OTT_SocNet_Infobip_2","Isporuka","Lognet","11","11"
"NTHMedia","NTH_OTT_SocNet","OTT_WhatsApp","Isporuka","WhatsApp","11","11"
"Fonlider","OneClickPureMTbulk","OneClickSMSBulk1","PureMT","PM_Webshop","10","10"
"Akton_Bulk","BulkSubscriptionStarion","SrnBulkSaDr","Delivery","PhoneDate","5","9"
"NTHMedia","NthBulkOnDemand","N_1599Axios","MT","Axios","9","9"
"ComTradeITSS","ComTradeITSSBulkOnDemand","BULK5005NoDL","1NonSmsCRDrB","GoOut","8","8"
"NTHMedia","NTHBulkFull","S1599_KnightsKEY","PureMT","KnightsKEY","8","8"
"ComTradeITSS","ComTradeITSSBulkOnDemand","BULK5005NoDL","1NonSmsCRDrB","LCW","7","7"
"Infobip","Infobip_OTT_SocNet","OTT_SocNet_Infobip","Isporuka","BancaMPS","7","7"
"NTHMedia","NTH_OTT_SocNet","OTT_Viber","Isporuka","Viber","7","7"
"NTHMedia","NthBulkOnDemand","N_1599demors","MT","demors","4","7"
"Akton_Bulk","BulkOnDemand","SRNBULKZAODJAVU","PURE_MT","Runnmore","2","6"
"CePP","CeppBulkOnDemand","CePP_SpecChSender","Isporuka","ca.posta.rs","6","6"
"ComTradeITSS","ComTradeITSSBulkOnDemand","BULKNoDL","Pure_MT","OfficeShoes","6","6"
"ComTradeITSS","ComTradeITSSBulkOnDemand","BULKNoDL","Pure_MT","Planet_Bike","6","6"
"ComTradeITSS","ComTradeITSSBulkOnDemand","MT_SpecialCharSender","Pure_MT","eBooking.rs","6","6"
"Infobip","Infobip_OTT_SocNet","OTT_SocNet_Infobip","Isporuka","hcloud","6","6"
"NTHMedia","NthBulkOnDemand","N_1599Marketino","MT","Marketino","2","6"
"Akton_Bulk","BulkOnDemand","SRNBULKZAODJAVU","PURE_MT","Europrofil","5","5"
"CePP","CeppBulkOnDemand","CePP_InfoStanjeSender","Isporuka","SimplyWorks","5","5"
"ComTradeITSS","ComTradeITSSBulkOnDemand","BULK5005NoDL","1NonSmsCRDrB","DostavaNB","5","5"
"ComTradeITSS","ComTradeITSSBulkOnDemand","BULK_OTPBankaSpecCh","Pure_MT","2323","4","5"
"ComTradeITSS","ComTradeITSSBulkSubsciption","Bulk5005DR2","Delivery","FishZelenis","5","5"
"Infobip","InfobipBulkSubscription","MEDILIP_ADRIA_S_DOO","MtSms","Active-Luxe","5","5"
"NTHMedia","NTHBulkFull","S15993535","Isporuka","3535","5","5"
"NTHMedia","NTHBulkFull","S1599_Smartsy","PureMT","Smartsy","5","5"
"Akton_Bulk","BulkOnDemand","SRNBULKZAODJAVU","PURE_MT","PRAVNI-NS","4","4"
"CePP","CePPBulkSubsciption","CePPSmsBulkDr","Delivery","JUM-RASKA","4","4"
"CePP","CeppBulkOnDemand","CeppBulkBanke","BulkBanke","NKOSK","4","4"
"ComTradeITSS","ComTradeITSSBulkOnDemand","BULK5005NoDL","1NonSmsCRDrB","SmsInfo","4","4"
"ComTradeITSS","ComTradeITSSBulkOnDemand","MT_SpecialCharSender","Pure_MT","posted.","4","4"
"Fonlider","OneClickSubscriprionBulk","OneClickSMSBulk","Isporuka","PRESIDENTE","2","4"
"Infobip","InfobipBulkSubscription","INTERSPORT","MtSms","INTERSPORT","4","4"
"Infobip","Infobip_OTT_SocNet","OTT_SocNet_Infobip_2","Isporuka","Yousign","4","4"
"NTHMedia","NTHBulkFull","S1599LuGo","PureMT","LuGo","4","4"
"NTHMedia","NthBulkOnDemand","N_1599DUOSEC (deleted)","MT","DUOSEC","4","4"
"mtssi","BulkOnDemand","Milolepo","PureMT","Milolepo","4","4"
"Akton_Bulk","BulkSubscriptionStarion","SrnInfoZgrada","Delivery","InfoZgrada","2","3"
"ComTradeITSS","ComTradeITSSBulkOnDemand","BulkFoCNotification","Notification","1918","3","3"
"Infobip","InfobipBulkOnDemand","Banking_Infobip","1NonSmsCRDrB","ISB","2","3"
"Infobip","Infobip_OTT_SocNet","OTT_SocNet_Infobip_2","Isporuka","DnB","3","3"
"NTHMedia","NTHBulkFull","S1599ANSIGO","PureMT","ANSIGO","3","3"
"NTHMedia","NTHBulkFull","S1599GloSrbija","PureMT","GloSrbija","3","3"
"NTHMedia","NthBulkOnDemand","N_1599DISCORD","MT","DISCORD","3","3"
"Akton_Bulk","BulkSubscriptionStarion","SNSStariGrad","Delivery","SNS_SG","2","2"
"Akton_Bulk","BulkSubscriptionStarion","SrnPolycomBulk","Delivery","Avangardia","2","2"
"Akton_Bulk","BulkSubscriptionStarion","SrnPolycomBulk","Delivery","DentIN","2","2"
"CePP","CePPBulkSubsciption","CePPSmsBulkDr","Delivery","JUM-Svrljig","2","2"
"ComTradeITSS","Comtrade_OTT_SocNet","OTT_SocNet_Comtrade","Isporuka","Allip_Info","2","2"
"Fonlider","OneClickSubscriprionBulk","OneClickSMSBulk","Isporuka","LOTOS","2","2"
"Infobip","InfobipBulkOnDemand","Banking_Infobip","1NonSmsCRDrB","BG.E-Servis","1","2"
"Infobip","InfobipBulkOnDemand","Banking_Infobip","1NonSmsCRDrB","DEKRA","2","2"
"Infobip","InfobipBulkOnDemand","Banking_Infobip","1NonSmsCRDrB","SPORTBONUS","2","2"
"Infobip","Infobip_OTT_SocNet","OTT_SocNet_Infobip_2","Isporuka","VOLCANOBET","2","2"
"NTHMedia","NTHBulkFull","S1599CENTAR_E8NTHSp","PureMT","CENTAR_E8","1","2"
"NTHMedia","NTHBulkFull","S1599WINBET","PureMT","WINBET","2","2"
"NTHMedia","NthBulkOnDemand","N_1599SIGNAL","MT","SIGNAL","2","2"
"NTHMedia","NthBulkOnDemand","N_1599TikTok","MT","TikTok","2","2"
"NTHMedia","NthBulkOnDemand","N_1599VonageAPI","MT","VonageAPI","2","2"
"Akton_Bulk","BulkOnDemand","SRNBULKZAODJAVU","PURE_MT","INFOTIM","1","1"
"Akton_Bulk","BulkOnDemand","SRNBULKZAODJAVU","PURE_MT","SagaSupport","1","1"
"Akton_Bulk","BulkOnDemand","SRNBULKZAODJAVU","PURE_MT","SmartPart","1","1"
"ComTradeITSS","ComTradeITSSBulkOnDemand","BULKNoDL","Pure_MT","CARIBIC","1","1"
"ComTradeITSS","ComTradeITSSBulkOnDemand","BULKNoDL","Pure_MT","Converse","1","1"
"ComTradeITSS","ComTradeITSSBulkOnDemand","BULKNoDL","Pure_MT","Lindex","1","1"
"ComTradeITSS","ComTradeITSSBulkOnDemand","BULKNoDL","Pure_MT","SECURITAS","1","1"
"ComTradeITSS","ComTradeITSSBulkSubsciption","Bulk5005DR2","Delivery","AstroBejb","1","1"
"ComTradeITSS","ComTradeITSSBulkSubsciption","Bulk5005DR2","Delivery","PMC","1","1"
"Halcom","HalcomBulkOnDemand","ALMSGGWNoDL","PureMT","Halcom","1","1"
"Infobip","InfobipBulkAnketa","4589DopuniSe_Anketa","Anketa","4589","1","1"
"Infobip","InfobipBulkAnketa","6061Rori_Anketa","Anketa","6061","1","1"
"Infobip","Infobip_OTT_SocNet","OTT_SocNet_Infobip","Isporuka","Wakie","1","1"
"NTHMedia","NTHBulkFull","S1599MOBILITY","PureMT","MOBILITY","1","1"
"NTHMedia","NTHBulkFull","S1599MaxiPodovi","PureMT","MaxiPodovi","1","1"
"NTHMedia","NTHBulkFull","S1599MerkurXtip","PureMT","MerkurXtip","1","1"
"NTHMedia","NTHBulkFull","S1599Moon_SushiNTHSp","PureMT","Moon_Sushi","1","1"
"NTHMedia","NTHBulkFull","S1599Vitapur","PureMT","Vitapur","1","1"
"NTHMedia","NTHBulkFull","S1599ZLF_NDMBGD","PureMT","ZLF_NDMBGD","1","1"
"NTHMedia","NthBulkOnDemand","N_1599Eprodavnica","MT","Eprodavnica","1","1"
"NTHMedia","NthBulkOnDemand","N_1599OKX","MT","OKX","1","1"
"NTHMedia","NthBulkOnDemand","N_1599Payoneer","MT","Payoneer","1","1"
"NTHMedia","NthBulkOnDemand","N_1599SkodaAuto","MT","SkodaAuto","1","1"
"NTHMedia","NthBulkOnDemand","N_1599ZARA","MT","ZARA","1","1"
